timestamp,session_id,ear,blink_rate,blink_duration,left_pupil_dilation,right_pupil_dilation,pupil_dilation_diff,mouth_openness,mouth_width,eyebrow_raise,head_pitch,head_yaw,head_roll,state,confidence,probabilities
21.714904069900513,session_1775271776,0.3,0.0,0.0,0.0,0.0,0.0,0.0,0.0,0.0,0.0,0.0,0.0,Relaxed,78.07508815529943,[0.21470837 0.00454075 0.78075088]
22.106011152267456,session_1775271776,0.3,0.0,0.0,0.0,0.0,0.0,0.0,0.0,0.0,0.0,0.0,0.0,Relaxed,78.07508815529943,[0.21470837 0.00454075 0.78075088]
22.332677602767944,session_1775271776,0.3,0.0,0.0,0.0,0.0,0.0,0.043344796648814174,19.2,0.7764802631578948,-7.555555555555555,6.515625,0.0,Relaxed,78.07508815529943,[0.21470837 0.00454075 0.78075088]
22.550127744674683,session_1775271776,0.3,0.0,0.0,0.0,0.0,0.0,0.0,0.0,0.0,0.0,0.0,0.0,Relaxed,78.07508815529943,[0.21470837 0.00454075 0.78075088]
22.76214623451233,session_1775271776,0.3,0.0,0.0,0.0,0.0,0.0,0.0,0.0,0.0,0.0,0.0,0.0,Relaxed,78.07508815529943,[0.21470837 0.00454075 0.78075088]
23.175994873046875,session_1775271776,0.3,0.0,0.0,0.0,0.0,0.0,0.0,0.0,0.0,0.0,0.0,0.0,Relaxed,70.78984401141774,[0.2630425  0.02905906 0.70789844]
23.526036262512207,session_1775271776,0.3,0.0,0.0,0.0,0.0,0.0,0.0,0.0,0.0,0.0,0.0,0.0,Relaxed,70.78984401141774,[0.2630425  0.02905906 0.70789844]
23.741584539413452,session_1775271776,0.3,0.0,0.0,0.0,0.0,0.0,0.0,0.0,0.0,0.0,0.0,0.0,Relaxed,70.78984401141774,[0.2630425  0.02905906 0.70789844]
23.97312569618225,session_1775271776,0.3,0.0,0.0,0.0,0.0,0.0,0.0,0.0,0.0,0.0,0.0,0.0,Relaxed,70.78984401141774,[0.2630425  0.02905906 0.70789844]
24.203620672225952,session_1775271776,0.3,0.0,0.0,0.0,0.0,0.0,0.0,0.0,0.0,0.0,0.0,0.0,Relaxed,70.78984401141774,[0.2630425  0.02905906 0.70789844]
24.406250476837158,session_1775271776,0.3,0.0,0.0,0.0,0.0,0.0,0.0,0.0,0.0,0.0,0.0,0.0,Relaxed,70.78984401141774,[0.2630425  0.02905906 0.70789844]
24.6170871257782,session_1775271776,0.3,0.0,0.0,0.0,0.0,0.0,0.0,0.0,0.0,0.0,0.0,0.0,Relaxed,70.78984401141774,[0.2630425  0.02905906 0.70789844]
24.795750379562378,session_1775271776,0.3,0.0,0.0,0.0,0.0,0.0,0.0,0.0,0.0,0.0,0.0,0.0,Relaxed,70.78984401141774,[0.2630425  0.02905906 0.70789844]
25.18769598007202,session_1775271776,0.3,0.0,0.0,0.0,0.0,0.0,0.0,0.0,0.0,0.0,0.0,0.0,Relaxed,80.06648930554061,[0.16546549 0.03386962 0.80066489]
25.319143295288086,session_1775271776,0.3,0.0,0.0,0.0,0.0,0.0,0.0,0.0,0.0,0.0,0.0,0.0,Relaxed,80.06648930554061,[0.16546549 0.03386962 0.80066489]
25.429003953933716,session_1775271776,0.3,0.0,0.0,0.0,0.0,0.0,0.0,0.0,0.0,0.0,0.0,0.0,Relaxed,80.06648930554061,[0.16546549 0.03386962 0.80066489]
25.521795988082886,session_1775271776,0.3,0.0,0.0,0.0,0.0,0.0,0.0,0.0,0.0,0.0,0.0,0.0,Relaxed,80.06648930554061,[0.16546549 0.03386962 0.80066489]
25.61302614212036,session_1775271776,0.3,0.0,0.0,0.0,0.0,0.0,0.01683861388364514,29.099999999999998,0.5294438287223883,0.19444444444444445,-0.7265625,0.0,Relaxed,80.06648930554061,[0.16546549 0.03386962 0.80066489]
25.699052095413208,session_1775271776,0.3,0.0,0.0,0.0,0.0,0.0,0.0,0.0,0.0,0.0,0.0,0.0,Relaxed,80.06648930554061,[0.16546549 0.03386962 0.80066489]
25.793450593948364,session_1775271776,0.3,0.0,0.0,0.0,0.0,0.0,0.021020679408947366,37.8,0.4687368040309217,-0.3888888888888889,3.796875,0.0,Relaxed,80.06648930554061,[0.16546549 0.03386962 0.80066489]
25.928165674209595,session_1775271776,0.3,0.0,0.0,0.0,0.0,0.0,0.0,0.0,0.0,0.0,0.0,0.0,Relaxed,80.06648930554061,[0.16546549 0.03386962 0.80066489]
26.06004571914673,session_1775271776,0.3,0.0,0.0,0.0,0.0,0.0,0.0,0.0,0.0,0.0,0.0,0.0,Relaxed,80.06648930554061,[0.16546549 0.03386962 0.80066489]
26.20275330543518,session_1775271776,0.3,0.0,0.0,0.0,0.0,0.0,0.14348407068500937,27.9,0.64493171223089,-3.3611111111111116,1.3359375,0.0,Relaxed,80.06648930554061,[0.16546549 0.03386962 0.80066489]
26.32825756072998,session_1775271776,0.3,0.0,0.0,0.0,0.0,0.0,0.1601642722950332,28.2,0.6565647535609989,-1.1666666666666667,6.421875,0.0,Relaxed,80.06648930554061,[0.16546549 0.03386962 0.80066489]
26.44726300239563,session_1775271776,0.3,0.0,0.0,0.0,0.0,0.0,0.14917491057868434,26.4,0.564027149321267,0.9444444444444444,14.4375,0.0,Relaxed,80.06648930554061,[0.16546549 0.03386962 0.80066489]
26.570048332214355,session_1775271776,0.3,0.0,0.0,0.0,0.0,0.0,0.15751513572166725,28.5,0.47011499336576734,2.4166666666666665,20.6953125,0.0,Relaxed,80.06648930554061,[0.16546549 0.03386962 0.80066489]
26.666738271713257,session_1775271776,0.3,0.0,0.0,0.0,0.0,0.0,0.15263765138831048,30.599999999999998,0.3549083685761886,4.555555555555555,25.359375,0.0,Relaxed,80.06648930554061,[0.16546549 0.03386962 0.80066489]
26.75720238685608,session_1775271776,0.3,0.0,0.0,0.0,0.0,0.0,0.14215013458386425,31.5,0.3459401825246228,4.861111111111111,26.0859375,0.0,Relaxed,80.06648930554061,[0.16546549 0.03386962 0.80066489]
26.91408133506775,session_1775271776,1.0,0.0,0.0,1.0,0.74,0.26,0.08927860754457355,118.5,0.1876745291551506,-2.5277777777777777,-9.7734375,0.0,Relaxed,80.06648930554061,[0.16546549 0.03386962 0.80066489]
27.164851427078247,session_1775271776,1.0,0.0,0.0,0.81,1.0,0.18999999999999995,0.08927125483865897,132.0,0.19976806838437855,-2.7777777777777777,-5.90625,0.0,Relaxed,82.8327469823962,[0.48651364 0.05201264 0.46147372]
27.313249111175537,session_1775271776,1.0,0.0,0.0,0.77,0.89,0.12,0.08444763823316206,123.89999999999999,0.2068175651134093,0.08333333333333333,-2.8828125,0.0,Relaxed,82.8327469823962,[0.48651364 0.05201264 0.46147372]
27.43758797645569,session_1775271776,1.0,0.0,0.0,0.87,0.71,0.16000000000000003,0.08750837699293859,125.1,0.23144424695537688,2.305555555555556,-2.4609375,0.0,Relaxed,82.8327469823962,[0.48651364 0.05201264 0.46147372]
27.551345825195312,session_1775271776,1.0,0.0,0.0,0.68,0.86,0.17999999999999994,0.07774276657102686,110.39999999999999,0.24594386964271875,4.166666666666667,-2.484375,0.0,Relaxed,82.8327469823962,[0.48651364 0.05201264 0.46147372]
27.667178869247437,session_1775271776,1.0,0.0,0.0,0.82,0.67,0.1499999999999999,0.08163745283666025,113.39999999999999,0.244119804591781,6.0,-1.78125,0.0,Relaxed,82.8327469823962,[0.48651364 0.05201264 0.46147372]
27.778576374053955,session_1775271776,1.0,0.0,0.0,0.68,0.82,0.1399999999999999,0.0794177507432364,105.3,0.25800027133360465,6.694444444444444,-0.6796875,0.0,Relaxed,82.8327469823962,[0.48651364 0.05201264 0.46147372]
27.935840845108032,session_1775271776,1.0,0.0,0.0,0.63,0.82,0.18999999999999995,0.08240410445124442,104.1,0.24741090406457417,7.194444444444445,0.1640625,0.0,Relaxed,82.8327469823962,[0.48651364 0.05201264 0.46147372]
28.112186431884766,session_1775271776,1.0,0.0,0.0,0.8,0.63,0.17000000000000004,0.08382421488548077,98.1,0.26704431007877155,6.75,0.7734375,0.0,Relaxed,82.8327469823962,[0.48651364 0.05201264 0.46147372]
28.27092456817627,session_1775271776,1.0,0.0,0.0,0.61,0.76,0.15000000000000002,0.08277198865533757,99.89999999999999,0.27661279818142565,6.027777777777778,1.1484375,0.0,Relaxed,82.8327469823962,[0.48651364 0.05201264 0.46147372]
28.405714988708496,session_1775271776,1.0,0.0,0.0,0.68,0.79,0.10999999999999999,0.08305502840207704,100.2,0.2726447105788423,5.222222222222222,0.796875,0.0,Relaxed,82.8327469823962,[0.48651364 0.05201264 0.46147372]
28.52622103691101,session_1775271776,1.0,0.0,0.0,0.82,0.68,0.1399999999999999,0.07226808447244618,95.1,0.2762992841167681,5.916666666666667,0.9609374999999999,0.0,Relaxed,82.8327469823962,[0.48651364 0.05201264 0.46147372]
28.64470338821411,session_1775271776,1.0,0.0,0.0,0.65,0.82,0.16999999999999993,0.08345306103655395,103.5,0.27631724590779044,6.305555555555555,0.8203125,0.0,Relaxed,82.8327469823962,[0.48651364 0.05201264 0.46147372]
28.754848957061768,session_1775271776,1.0,0.0,0.0,0.66,0.78,0.12,0.08252836649907053,99.3,0.28164866483686457,5.972222222222222,0.5859375,0.0,Relaxed,82.8327469823962,[0.48651364 0.05201264 0.46147372]
28.884045839309692,session_1775271776,1.0,0.0,0.0,0.67,0.8,0.13,0.08183970634210029,99.89999999999999,0.28969278250324,5.638888888888889,0.5859375,0.0,Relaxed,82.8327469823962,[0.48651364 0.05201264 0.46147372]
28.996057510375977,session_1775271776,1.0,0.0,0.0,0.61,0.8,0.19000000000000006,0.07963238416419802,101.39999999999999,0.2630328574103495,4.944444444444445,0.84375,0.0,Relaxed,82.8327469823962,[0.48651364 0.05201264 0.46147372]
29.203391075134277,session_1775271776,1.0,0.0,0.0,0.83,0.63,0.19999999999999996,0.08491013662747127,99.89999999999999,0.2882585496964582,4.805555555555555,0.3515625,0.0,Relaxed,70.76351210091293,[0.28800651 0.00435836 0.70763512]
29.331748962402344,session_1775271776,1.0,0.0,0.0,0.82,0.63,0.18999999999999995,0.08564649504427829,102.3,0.2773269022403971,2.5277777777777777,0.2109375,0.0,Relaxed,70.76351210091293,[0.28800651 0.00435836 0.70763512]
29.44659972190857,session_1775271776,1.0,0.0,0.0,0.79,0.64,0.15000000000000002,0.09118795441805917,103.5,0.2659571756097965,1.972222222222222,0.1171875,0.0,Relaxed,70.76351210091293,[0.28800651 0.00435836 0.70763512]
29.56118392944336,session_1775271776,1.0,0.0,0.0,0.63,0.85,0.21999999999999997,0.09034601987552895,101.39999999999999,0.26518789365884027,0.5,0.28125,0.0,Relaxed,70.76351210091293,[0.28800651 0.00435836 0.70763512]
29.676557779312134,session_1775271776,1.0,0.0,0.0,0.81,0.65,0.16000000000000003,0.09157983725538495,105.3,0.2788460341401518,0.75,-0.0234375,0.0,Relaxed,70.76351210091293,[0.28800651 0.00435836 0.70763512]
29.79555344581604,session_1775271776,1.0,0.0,0.0,0.83,0.66,0.16999999999999993,0.10185231085692176,103.8,0.26516298421270973,0.3333333333333333,-0.09375,0.0,Relaxed,70.76351210091293,[0.28800651 0.00435836 0.70763512]
29.960652589797974,session_1775271776,1.0,0.0,0.0,0.62,0.8,0.18000000000000005,0.0947697009390002,101.1,0.2967141294335403,0.75,-0.2578125,0.0,Relaxed,70.76351210091293,[0.28800651 0.00435836 0.70763512]
30.145476579666138,session_1775271776,1.0,0.0,0.0,0.81,0.64,0.17000000000000004,0.09866673150237318,99.6,0.2933745677898761,0.9444444444444444,-0.421875,0.0,Relaxed,70.76351210091293,[0.28800651 0.00435836 0.70763512]
30.321220636367798,session_1775271776,1.0,0.0,0.0,0.63,0.81,0.18000000000000005,0.09875939180896887,101.39999999999999,0.3243369759878877,0.4444444444444445,-0.046875,0.0,Relaxed,70.76351210091293,[0.28800651 0.00435836 0.70763512]
30.46048879623413,session_1775271776,1.0,0.0,0.0,0.76,0.64,0.12,0.09455374002602385,99.0,0.32469423888318716,0.22222222222222224,-0.5625,0.0,Relaxed,70.76351210091293,[0.28800651 0.00435836 0.70763512]
30.59385919570923,session_1775271776,1.0,0.0,0.0,0.72,0.66,0.05999999999999994,0.0931910056193641,97.8,0.3146950311336982,0.4444444444444445,0.046875,0.0,Relaxed,70.76351210091293,[0.28800651 0.00435836 0.70763512]
30.707613706588745,session_1775271776,1.0,0.0,0.0,0.78,1.0,0.21999999999999997,0.09536050515681456,92.39999999999999,0.35713081675357894,-0.5555555555555556,4.125,0.0,Relaxed,70.76351210091293,[0.28800651 0.00435836 0.70763512]
30.84385919570923,session_1775271776,1.0,0.0,0.0,0.76,1.0,0.24,0.09799687688568717,103.5,0.36927580375051383,-0.75,5.3203125,0.0,Relaxed,70.76351210091293,[0.28800651 0.00435836 0.70763512]
30.957507133483887,session_1775271776,1.0,0.0,0.0,0.27,0.78,0.51,0.09569388084318653,96.3,0.35914549101052673,-0.41666666666666663,5.5078125,0.0,Relaxed,70.76351210091293,[0.28800651 0.00435836 0.70763512]
31.07512140274048,session_1775271776,1.0,0.0,0.0,0.71,0.82,0.10999999999999999,0.09266204088591896,96.3,0.30187144951438516,-0.3055555555555555,4.4765625,0.0,Relaxed,70.76351210091293,[0.28800651 0.00435836 0.70763512]
31.322701692581177,session_1775271776,1.0,0.0,0.0,0.68,0.73,0.04999999999999993,0.09297874776777447,93.0,0.2964399828609904,-0.4444444444444445,3.5625,0.0,Relaxed,77.43477151413022,[0.17088968 0.0547626  0.77434772]
31.44485354423523,session_1775271776,1.0,0.0,0.0,0.67,0.59,0.08000000000000007,0.10004382808526348,92.7,0.3413142800387356,-0.5833333333333334,2.4140625,0.0,Relaxed,77.43477151413022,[0.17088968 0.0547626  0.77434772]
31.571843147277832,session_1775271776,1.0,0.0,0.0,0.48,0.48,0.0,0.10141007387345528,87.0,0.3361331437053617,-0.9444444444444444,1.875,0.0,Relaxed,77.43477151413022,[0.17088968 0.0547626  0.77434772]
31.692222118377686,session_1775271776,1.0,0.0,0.0,0.54,0.42,0.12000000000000005,0.09886652005345482,85.2,0.34231671458972984,-0.8333333333333333,1.59375,0.0,Relaxed,77.43477151413022,[0.17088968 0.0547626  0.77434772]
31.809330224990845,session_1775271776,1.0,0.0,0.0,0.4,0.65,0.25,0.09410193992820012,83.7,0.32782362847976343,-0.75,1.4765625,0.0,Relaxed,77.43477151413022,[0.17088968 0.0547626  0.77434772]
31.915305137634277,session_1775271776,1.0,0.0,0.0,0.54,0.66,0.12,0.07497072785950323,89.39999999999999,0.3190722907064945,0.16666666666666666,1.21875,0.0,Relaxed,77.43477151413022,[0.17088968 0.0547626  0.77434772]
32.02670121192932,session_1775271776,1.0,0.0,0.0,0.7,0.62,0.07999999999999996,0.06922059716234134,92.7,0.31847819189586624,0.9722222222222222,1.7578125,0.0,Relaxed,77.43477151413022,[0.17088968 0.0547626  0.77434772]
32.15810203552246,session_1775271776,1.0,0.0,0.0,0.71,0.64,0.06999999999999995,0.08009040587895756,99.6,0.29168903779109306,1.8888888888888888,2.015625,0.0,Relaxed,77.43477151413022,[0.17088968 0.0547626  0.77434772]
32.288495779037476,session_1775271776,1.0,0.0,0.0,0.67,0.72,0.04999999999999993,0.07055516888538581,94.2,0.29014771649274973,2.2222222222222223,2.4375,0.0,Relaxed,77.43477151413022,[0.17088968 0.0547626  0.77434772]
32.41669487953186,session_1775271776,1.0,0.0,0.0,0.69,0.78,0.09000000000000008,0.07506717980359319,96.3,0.2771304186264329,2.4166666666666665,2.6484375,0.0,Relaxed,77.43477151413022,[0.17088968 0.0547626  0.77434772]
32.54893517494202,session_1775271776,1.0,0.0,0.0,0.68,0.74,0.05999999999999994,0.0681067832214444,95.1,0.2853229938829259,2.138888888888889,3.0234375,0.0,Relaxed,77.43477151413022,[0.17088968 0.0547626  0.77434772]
32.68230080604553,session_1775271776,1.0,0.0,0.0,0.73,0.76,0.030000000000000027,0.07057684616098647,95.39999999999999,0.2838966450532547,2.0555555555555554,3.234375,0.0,Relaxed,77.43477151413022,[0.17088968 0.0547626  0.77434772]
32.8096284866333,session_1775271776,1.0,0.0,0.0,0.68,0.75,0.06999999999999995,0.07360926608661197,99.89999999999999,0.2819997656598964,1.75,3.2578125,0.0,Relaxed,77.43477151413022,[0.17088968 0.0547626  0.77434772]
32.94270133972168,session_1775271776,1.0,0.0,0.0,0.69,0.73,0.040000000000000036,0.06830279802940996,95.39999999999999,0.2930569672423753,1.4444444444444442,3.1875,0.0,Relaxed,77.43477151413022,[0.17088968 0.0547626  0.77434772]
33.051640033721924,session_1775271776,1.0,0.0,0.0,0.69,0.78,0.09000000000000008,0.07716639573438958,96.6,0.2895668412292453,1.2777777777777777,2.53125,0.0,Relaxed,77.43477151413022,[0.17088968 0.0547626  0.77434772]
33.16474652290344,session_1775271776,1.0,0.0,0.0,0.67,0.77,0.09999999999999998,0.07356366765737905,96.0,0.29532998876633987,0.6666666666666666,2.71875,0.0,Relaxed,77.43477151413022,[0.17088968 0.0547626  0.77434772]
33.38063859939575,session_1775271776,1.0,0.0,0.0,0.66,0.75,0.08999999999999997,0.07204541167231651,94.8,0.30295081404498236,0.7222222222222221,2.53125,0.0,Relaxed,87.07142724091726,[0.10891359 0.02037214 0.87071427]
33.51158308982849,session_1775271776,0.3,0.0,0.0,0.0,0.0,0.0,0.0764522756382397,95.39999999999999,0.2950538388145725,0.5555555555555556,1.96875,0.0,Relaxed,87.07142724091726,[0.10891359 0.02037214 0.87071427]
33.63055109977722,session_1775271776,1.0,0.0,0.0,0.65,0.77,0.12,0.06942481282969301,89.7,0.3148883588608868,0.4722222222222222,1.8515625,0.0,Relaxed,87.07142724091726,[0.10891359 0.02037214 0.87071427]
33.7431104183197,session_1775271776,1.0,0.0,0.0,0.61,0.77,0.16000000000000003,0.07687448313072386,96.89999999999999,0.2981783322204011,0.8611111111111112,1.6640625,0.0,Relaxed,87.07142724091726,[0.10891359 0.02037214 0.87071427]
33.857444524765015,session_1775271776,1.0,0.0,0.0,0.63,0.74,0.10999999999999999,0.06708339356997714,90.0,0.3132026143790849,2.2777777777777777,1.59375,0.0,Relaxed,87.07142724091726,[0.10891359 0.02037214 0.87071427]
33.98341107368469,session_1775271776,1.0,0.0,0.0,0.61,0.74,0.13,0.0750358083891463,91.5,0.30752530015789414,2.4166666666666665,1.1953125,0.0,Relaxed,87.07142724091726,[0.10891359 0.02037214 0.87071427]
34.15655064582825,session_1775271776,1.0,0.0,0.0,0.73,0.61,0.12,0.07128040615282154,92.1,0.3027027777546367,2.25,1.5234375,0.0,Relaxed,87.07142724091726,[0.10891359 0.02037214 0.87071427]
34.30056643486023,session_1775271776,1.0,0.0,0.0,0.64,0.75,0.10999999999999999,0.07372394614335144,94.5,0.3131741396322122,1.8055555555555556,1.9921875,0.0,Relaxed,87.07142724091726,[0.10891359 0.02037214 0.87071427]
34.439295053482056,session_1775271776,1.0,0.0,0.0,0.61,0.72,0.10999999999999999,0.0729775998441174,94.2,0.3005483234085069,1.6666666666666665,1.96875,0.0,Relaxed,87.07142724091726,[0.10891359 0.02037214 0.87071427]
34.56783676147461,session_1775271776,1.0,0.0,0.0,0.65,0.76,0.10999999999999999,0.06874589100065877,88.5,0.3165856974530952,1.3055555555555556,1.7578125,0.0,Relaxed,87.07142724091726,[0.10891359 0.02037214 0.87071427]
34.701103925704956,session_1775271776,1.0,0.0,0.0,0.62,0.74,0.12,0.07516122897752074,92.39999999999999,0.30608302609581384,1.3333333333333333,1.734375,0.0,Relaxed,87.07142724091726,[0.10891359 0.02037214 0.87071427]
34.85454607009888,session_1775271776,1.0,0.0,0.0,0.71,0.65,0.05999999999999994,0.06811924513326247,93.3,0.30966670802055224,1.1388888888888888,2.4140625,0.0,Relaxed,87.07142724091726,[0.10891359 0.02037214 0.87071427]
34.983787536621094,session_1775271776,1.0,0.0,0.0,0.61,0.72,0.10999999999999999,0.06575830924513307,91.5,0.3114389564148484,1.25,2.6953125,0.0,Relaxed,87.07142724091726,[0.10891359 0.02037214 0.87071427]
35.096519947052,session_1775271776,1.0,0.0,0.0,0.61,0.72,0.10999999999999999,0.066863927714736,92.7,0.2972505704124903,0.41666666666666663,3.2578125,0.0,Relaxed,87.07142724091726,[0.10891359 0.02037214 0.87071427]
35.20534038543701,session_1775271776,1.0,0.0,0.0,0.61,0.68,0.07000000000000006,0.06829336884250266,89.7,0.3217938033881021,-0.1388888888888889,3.4921875,0.0,Relaxed,87.07142724091726,[0.10891359 0.02037214 0.87071427]
35.412686347961426,session_1775271776,1.0,0.0,0.0,0.58,0.68,0.10000000000000009,0.07146128242624974,92.39999999999999,0.3133422736683606,-0.3333333333333333,3.65625,0.0,Relaxed,46.11198188376503,[0.40616889 0.13271129 0.46111982]
35.52869939804077,session_1775271776,1.0,0.0,0.0,0.58,0.68,0.10000000000000009,0.0698051336168468,91.5,0.3120223524466533,-0.75,3.7265625,0.0,Relaxed,46.11198188376503,[0.40616889 0.13271129 0.46111982]
35.64671611785889,session_1775271776,1.0,0.0,0.0,0.59,0.74,0.15000000000000002,0.06867259048037626,91.2,0.3174705712244412,-0.611111111111111,3.8437499999999996,0.0,Relaxed,46.11198188376503,[0.40616889 0.13271129 0.46111982]
35.75756120681763,session_1775271776,1.0,0.0,0.0,0.58,0.71,0.13,0.07137373578077565,93.3,0.30301442708259185,-0.9722222222222222,3.4921875,0.0,Relaxed,46.11198188376503,[0.40616889 0.13271129 0.46111982]
35.8858597278595,session_1775271776,1.0,0.0,0.0,0.59,0.7,0.10999999999999999,0.06951942525773697,92.7,0.3106111897411279,-0.8055555555555556,3.3984375,0.0,Relaxed,46.11198188376503,[0.40616889 0.13271129 0.46111982]
36.038700580596924,session_1775271776,1.0,0.0,0.0,0.71,0.59,0.12,0.07437068554628043,93.89999999999999,0.2955929673391222,-0.41666666666666663,3.1171875,0.0,Relaxed,46.11198188376503,[0.40616889 0.13271129 0.46111982]
36.211134910583496,session_1775271776,1.0,0.0,0.0,0.71,0.63,0.07999999999999996,0.07401980931035755,94.5,0.3009343690194754,-0.6388888888888888,2.6484375,0.0,Relaxed,46.11198188376503,[0.40616889 0.13271129 0.46111982]
36.3369996547699,session_1775271776,1.0,0.0,0.0,0.57,0.73,0.16000000000000003,0.06900204024087475,90.89999999999999,0.3129880569756322,-0.3055555555555555,2.4609375,0.0,Relaxed,46.11198188376503,[0.40616889 0.13271129 0.46111982]
36.46135354042053,session_1775271776,1.0,0.0,0.0,0.6,0.71,0.10999999999999999,0.07322690356689174,93.6,0.30412199895122094,-0.05555555555555556,2.484375,0.0,Relaxed,46.11198188376503,[0.40616889 0.13271129 0.46111982]
36.589019775390625,session_1775271776,1.0,0.0,0.0,0.58,0.71,0.13,0.07140101213317906,93.6,0.30445447271822984,-0.2777777777777778,2.53125,0.0,Relaxed,46.11198188376503,[0.40616889 0.13271129 0.46111982]
36.71483373641968,session_1775271776,1.0,0.0,0.0,0.6,0.72,0.12,0.07607572322031513,97.5,0.30237813126836777,0.02777777777777778,2.5546875,0.0,Relaxed,46.11198188376503,[0.40616889 0.13271129 0.46111982]
36.83974528312683,session_1775271776,1.0,0.0,0.0,0.61,0.7,0.08999999999999997,0.07137706664574843,93.89999999999999,0.3071410432323673,-0.02777777777777778,2.7890625,0.0,Relaxed,46.11198188376503,[0.40616889 0.13271129 0.46111982]
36.97478771209717,session_1775271776,1.0,0.0,0.0,0.63,0.7,0.06999999999999995,0.07095233831813569,94.8,0.3091347042452855,-0.16666666666666666,2.484375,0.0,Relaxed,46.11198188376503,[0.40616889 0.13271129 0.46111982]
37.10496211051941,session_1775271776,1.0,0.0,0.0,0.62,0.82,0.19999999999999996,0.07058065896631029,98.1,0.30200814270662396,-0.4722222222222222,-1.8046875,0.0,Relaxed,46.11198188376503,[0.40616889 0.13271129 0.46111982]
37.23224663734436,session_1775271776,1.0,0.0,0.0,0.62,0.84,0.21999999999999997,0.06915844156678243,97.8,0.27793333258924974,0.05555555555555556,-6.9375,0.0,Relaxed,46.11198188376503,[0.40616889 0.13271129 0.46111982]
37.47151589393616,session_1775271776,1.0,0.0,0.0,0.8,0.75,0.050000000000000044,0.07126991253963358,100.2,0.24442374075378656,3.4444444444444446,-12.375,0.0,Relaxed,85.22859579610251,[0.10109617 0.04661787 0.85228596]
37.63216948509216,session_1775271776,1.0,0.0,0.0,0.78,0.81,0.030000000000000027,0.07045568106800942,97.5,0.1921925642580585,9.972222222222221,-18.4453125,0.0,Relaxed,85.22859579610251,[0.10109617 0.04661787 0.85228596]
37.76444935798645,session_1775271776,1.0,0.0,0.0,0.48,0.39,0.08999999999999997,0.08326163176550547,38.4,0.41793972523219813,1.3333333333333333,3.0,0.0,Relaxed,85.22859579610251,[0.10109617 0.04661787 0.85228596]
37.90495491027832,session_1775271776,0.3,0.0,0.0,0.0,0.0,0.0,0.08723336677574114,50.4,0.33820121381886087,5.833333333333334,23.203125,0.0,Relaxed,85.22859579610251,[0.10109617 0.04661787 0.85228596]
38.04611539840698,session_1775271776,0.3,0.0,0.0,0.0,0.0,0.0,0.092417173365483,50.1,0.3570548315134437,5.194444444444445,21.1171875,0.0,Relaxed,85.22859579610251,[0.10109617 0.04661787 0.85228596]
38.170074224472046,session_1775271776,0.3,0.0,0.0,0.0,0.0,0.0,0.0976313577973161,48.3,0.3835581333982868,3.4722222222222223,18.7734375,0.0,Relaxed,85.22859579610251,[0.10109617 0.04661787 0.85228596]
38.294448375701904,session_1775271776,0.3,0.0,0.0,0.0,0.0,0.0,0.09731408071503315,46.8,0.39338426563490503,3.7777777777777777,16.59375,0.0,Relaxed,85.22859579610251,[0.10109617 0.04661787 0.85228596]
38.430680990219116,session_1775271776,0.3,0.0,0.0,0.0,0.0,0.0,0.09733526316514719,47.699999999999996,0.39402502604146167,4.583333333333333,16.3828125,0.0,Relaxed,85.22859579610251,[0.10109617 0.04661787 0.85228596]
38.56835913658142,session_1775271776,0.3,0.0,0.0,0.0,0.0,0.0,0.09333721401899081,46.8,0.4113805276848755,4.166666666666667,18.328125,0.0,Relaxed,85.22859579610251,[0.10109617 0.04661787 0.85228596]
38.7055287361145,session_1775271776,0.3,0.0,0.0,0.0,0.0,0.0,0.09494403052664274,48.0,0.38664368872549015,2.111111111111111,20.390625,0.0,Relaxed,85.22859579610251,[0.10109617 0.04661787 0.85228596]
38.84934902191162,session_1775271776,0.3,0.0,0.0,0.0,0.0,0.0,0.09552320290158872,48.9,0.38830947511929104,2.361111111111111,19.4296875,0.0,Relaxed,85.22859579610251,[0.10109617 0.04661787 0.85228596]
38.98391270637512,session_1775271776,0.3,0.0,0.0,0.0,0.0,0.0,0.09372799070239238,49.199999999999996,0.40077250412360066,2.388888888888889,19.078125,0.0,Relaxed,85.22859579610251,[0.10109617 0.04661787 0.85228596]
39.12748956680298,session_1775271776,0.3,0.0,0.0,0.0,0.0,0.0,0.09857190703833846,49.8,0.4139651041139348,-0.3888888888888889,17.4375,0.0,Relaxed,85.22859579610251,[0.10109617 0.04661787 0.85228596]
39.266592502593994,session_1775271776,0.3,0.0,0.0,0.0,0.0,0.0,0.10153611132670767,51.9,0.41435241670055756,-0.9722222222222222,16.8515625,0.0,Relaxed,85.22859579610251,[0.10109617 0.04661787 0.85228596]
39.48744797706604,session_1775271776,0.3,0.0,0.0,0.0,0.0,0.0,0.10103701674118182,50.699999999999996,0.4453310128785242,-1.1944444444444444,16.7109375,0.0,Relaxed,92.60055252067914,[0.02878185 0.04521263 0.92600553]
39.628621101379395,session_1775271776,0.3,0.0,0.0,0.0,0.0,0.0,0.08259363276749515,44.699999999999996,0.5062256995537691,-3.4722222222222223,-1.8515625,0.0,Relaxed,92.60055252067914,[0.02878185 0.04521263 0.92600553]
39.76123046875,session_1775271776,0.3,0.0,0.0,0.0,0.0,0.0,0.10296435129139067,51.6,0.48743908872258435,-0.4444444444444445,15.703125,0.0,Relaxed,92.60055252067914,[0.02878185 0.04521263 0.92600553]
39.899420976638794,session_1775271776,0.3,0.0,0.0,0.0,0.0,0.0,0.08193301502646211,43.8,0.5261042295223283,-4.0,-2.203125,0.0,Relaxed,92.60055252067914,[0.02878185 0.04521263 0.92600553]
40.03468298912048,session_1775271776,0.3,0.0,0.0,0.0,0.0,0.0,0.10334303344802533,49.5,0.4933595256284332,0.41666666666666663,15.023437499999998,0.0,Relaxed,92.60055252067914,[0.02878185 0.04521263 0.92600553]
40.170905113220215,session_1775271776,0.3,0.0,0.0,0.0,0.0,0.0,0.10133350582691109,49.199999999999996,0.4780468284874926,0.7777777777777778,14.859375,0.0,Relaxed,92.60055252067914,[0.02878185 0.04521263 0.92600553]
40.30664610862732,session_1775271776,0.3,0.0,0.0,0.0,0.0,0.0,0.09094166289269184,43.5,0.5160922685032313,-3.0833333333333335,-2.4140625,0.0,Relaxed,92.60055252067914,[0.02878185 0.04521263 0.92600553]
40.44545555114746,session_1775271776,0.3,0.0,0.0,0.0,0.0,0.0,0.10615863970217233,50.1,0.4810985088646237,1.25,14.6953125,0.0,Relaxed,92.60055252067914,[0.02878185 0.04521263 0.92600553]
40.58702206611633,session_1775271776,0.3,0.0,0.0,0.0,0.0,0.0,0.10030386694652131,52.8,0.4696631187440011,1.3333333333333333,14.484375,0.0,Relaxed,92.60055252067914,[0.02878185 0.04521263 0.92600553]
40.729862213134766,session_1775271776,0.3,0.0,0.0,0.0,0.0,0.0,0.10206071387087913,48.6,0.4963669006697329,1.222222222222222,14.8125,0.0,Relaxed,92.60055252067914,[0.02878185 0.04521263 0.92600553]
40.86629295349121,session_1775271776,0.3,0.0,0.0,0.0,0.0,0.0,0.10672146322183075,51.0,0.47209218174005474,1.3888888888888888,15.0,0.0,Relaxed,92.60055252067914,[0.02878185 0.04521263 0.92600553]
40.98864793777466,session_1775271776,0.3,0.0,0.0,0.0,0.0,0.0,0.10679714033532255,49.8,0.4913107411639354,1.777777777777778,14.953125,0.0,Relaxed,92.60055252067914,[0.02878185 0.04521263 0.92600553]
41.11919283866882,session_1775271776,0.3,0.0,0.0,0.0,0.0,0.0,0.10607767758783566,50.1,0.4758323353293413,1.8055555555555556,15.023437499999998,0.0,Relaxed,92.60055252067914,[0.02878185 0.04521263 0.92600553]
41.24683475494385,session_1775271776,0.3,0.0,0.0,0.0,0.0,0.0,0.10522715227447252,51.6,0.474250958933505,1.222222222222222,14.859375,0.0,Relaxed,92.60055252067914,[0.02878185 0.04521263 0.92600553]
41.36776113510132,session_1775271776,0.3,0.0,0.0,0.0,0.0,0.0,0.09940211015141312,51.3,0.492906686811865,1.361111111111111,14.6953125,0.0,Relaxed,92.60055252067914,[0.02878185 0.04521263 0.92600553]
41.583752155303955,session_1775271776,0.3,0.0,0.0,0.0,0.0,0.0,0.10776140642037185,50.4,0.4716554621848739,1.3333333333333333,14.484375,0.0,Focused,78.98958727172058,[0.24308285 0.04879525 0.70812191]
41.72605872154236,session_1775271776,0.3,0.0,0.0,0.0,0.0,0.0,0.10902299350215972,49.199999999999996,0.496737231477957,1.3333333333333333,14.578125,0.0,Focused,78.98958727172058,[0.24308285 0.04879525 0.70812191]
41.85387825965881,session_1775271776,0.3,0.0,0.0,0.0,0.0,0.0,0.10611841742915844,49.199999999999996,0.47511736401877824,1.777777777777778,14.25,0.0,Focused,78.98958727172058,[0.24308285 0.04879525 0.70812191]
41.981040716171265,session_1775271776,0.3,0.0,0.0,0.0,0.0,0.0,0.10919405807742773,47.699999999999996,0.4904652828614384,1.3055555555555556,14.5078125,0.0,Focused,78.98958727172058,[0.24308285 0.04879525 0.70812191]
42.10048031806946,session_1775271776,0.3,0.0,0.0,0.0,0.0,0.0,0.10448824547904718,47.4,0.49350401081520673,0.7777777777777778,14.671875,0.0,Focused,78.98958727172058,[0.24308285 0.04879525 0.70812191]
42.233508348464966,session_1775271776,0.3,0.0,0.0,0.0,0.0,0.0,0.09618393305450758,49.5,0.47814519747292855,1.4166666666666665,14.7421875,0.0,Focused,78.98958727172058,[0.24308285 0.04879525 0.70812191]
42.36907911300659,session_1775271776,0.3,0.0,0.0,0.0,0.0,0.0,0.10191459975817029,48.0,0.4972406045751634,2.0555555555555554,14.625,0.0,Focused,78.98958727172058,[0.24308285 0.04879525 0.70812191]
42.51593351364136,session_1775271776,0.3,0.0,0.0,0.0,0.0,0.0,0.09716440349652873,49.199999999999996,0.46969470715115313,2.2222222222222223,14.53125,0.0,Focused,78.98958727172058,[0.24308285 0.04879525 0.70812191]
42.6459174156189,session_1775271776,1.0,0.0,0.0,0.4,0.48,0.07999999999999996,0.09413920152788505,43.199999999999996,0.5165590008613264,-2.0,-2.625,0.0,Focused,78.98958727172058,[0.24308285 0.04879525 0.70812191]
42.791358947753906,session_1775271776,0.3,0.0,0.0,0.0,0.0,0.0,0.09219760152176192,49.5,0.46921896031139726,2.1944444444444446,14.7890625,0.0,Focused,78.98958727172058,[0.24308285 0.04879525 0.70812191]
42.929462909698486,session_1775271776,0.3,0.0,0.0,0.0,0.0,0.0,0.09101306962029439,45.0,0.5297957879448075,-2.5555555555555554,-2.53125,0.0,Focused,78.98958727172058,[0.24308285 0.04879525 0.70812191]
43.058030128479004,session_1775271776,0.3,0.0,0.0,0.0,0.0,0.0,0.09322473657427319,47.1,0.4933135633979842,1.4722222222222223,14.9765625,0.0,Focused,78.98958727172058,[0.24308285 0.04879525 0.70812191]
43.18534255027771,session_1775271776,0.3,0.0,0.0,0.0,0.0,0.0,0.09221355536934547,48.0,0.48106362336601305,1.1111111111111112,15.421875,0.0,Focused,78.98958727172058,[0.24308285 0.04879525 0.70812191]
43.30144786834717,session_1775271776,0.3,0.0,0.0,0.0,0.0,0.0,0.08841765719542144,42.9,0.50820094937742,-1.9166666666666667,-2.4609375,0.0,Focused,78.98958727172058,[0.24308285 0.04879525 0.70812191]
43.41855263710022,session_1775271776,0.3,0.0,0.0,0.0,0.0,0.0,0.08609882663089571,47.699999999999996,0.47637376909816515,1.527777777777778,15.445312500000002,0.0,Focused,78.98958727172058,[0.24308285 0.04879525 0.70812191]
43.64033842086792,session_1775271776,0.3,0.0,0.0,0.0,0.0,0.0,0.08189767247041224,45.9,0.4846990473749413,1.25,15.7734375,0.0,Relaxed,66.16344894416895,[0.29500751 0.043358   0.66163449]
43.784653425216675,session_1775271776,0.3,0.0,0.0,0.0,0.0,0.0,0.08566057525412266,46.8,0.4820168535641681,0.7777777777777778,16.453125,0.0,Relaxed,66.16344894416895,[0.29500751 0.043358   0.66163449]
43.912585973739624,session_1775271776,0.3,0.0,0.0,0.0,0.0,0.0,0.0886665550230521,48.3,0.467708967645029,0.5833333333333334,17.3203125,0.0,Relaxed,66.16344894416895,[0.29500751 0.043358   0.66163449]
44.04881572723389,session_1775271776,0.3,0.0,0.0,0.0,0.0,0.0,0.08615520505659395,48.0,0.46285232843137253,0.7222222222222221,18.28125,0.0,Relaxed,66.16344894416895,[0.29500751 0.043358   0.66163449]
44.18605375289917,session_1775271776,0.3,0.0,0.0,0.0,0.0,0.0,0.0956733327452182,48.3,0.47811523159988634,1.25,19.9453125,0.0,Relaxed,66.16344894416895,[0.29500751 0.043358   0.66163449]
44.32610750198364,session_1775271776,0.3,0.0,0.0,0.0,0.0,0.0,0.09306111713822585,48.3,0.46721674176917144,1.361111111111111,21.5390625,0.0,Relaxed,66.16344894416895,[0.29500751 0.043358   0.66163449]
44.484546184539795,session_1775271776,0.3,0.0,0.0,0.0,0.0,0.0,0.08790361061227056,48.9,0.46298017161874977,1.3055555555555556,22.1015625,0.0,Relaxed,66.16344894416895,[0.29500751 0.043358   0.66163449]
44.634390115737915,session_1775271776,0.3,0.0,0.0,0.0,0.0,0.0,0.09116137142907356,48.6,0.44667503832808847,1.4444444444444442,22.125,0.0,Relaxed,66.16344894416895,[0.29500751 0.043358   0.66163449]
44.780622720718384,session_1775271776,0.3,0.0,0.0,0.0,0.0,0.0,0.08631411122492888,50.1,0.4504224492192086,1.4722222222222223,22.3359375,0.0,Relaxed,66.16344894416895,[0.29500751 0.043358   0.66163449]
44.93115782737732,session_1775271776,0.3,0.0,0.0,0.0,0.0,0.0,0.08764331740953858,48.6,0.45085633018639554,1.5555555555555556,22.40625,0.0,Relaxed,66.16344894416895,[0.29500751 0.043358   0.66163449]
45.07733178138733,session_1775271776,0.3,0.0,0.0,0.0,0.0,0.0,0.08524611812722778,52.199999999999996,0.4335608779320747,1.2777777777777777,22.453125,0.0,Relaxed,66.16344894416895,[0.29500751 0.043358   0.66163449]
45.20418977737427,session_1775271776,0.3,0.0,0.0,0.0,0.0,0.0,0.08529600286735074,50.4,0.45369327731092435,1.0,22.734375,0.0,Relaxed,66.16344894416895,[0.29500751 0.043358   0.66163449]
45.338547468185425,session_1775271776,0.3,0.0,0.0,0.0,0.0,0.0,0.08461007606699542,51.3,0.43216037016801906,1.1944444444444444,23.0859375,0.0,Relaxed,66.16344894416895,[0.29500751 0.043358   0.66163449]
45.46427392959595,session_1775271776,0.3,0.0,0.0,0.0,0.0,0.0,0.078975039642293,50.699999999999996,0.44890404919364196,1.361111111111111,23.4609375,0.0,Relaxed,66.16344894416895,[0.29500751 0.043358   0.66163449]
45.669909715652466,session_1775271776,0.3,0.0,0.0,0.0,0.0,0.0,0.07929085272425905,52.199999999999996,0.4417685199632461,1.2777777777777777,23.8125,0.0,Relaxed,82.7387692155088,[0.06798468 0.10462762 0.82738769]
45.823076248168945,session_1775271776,0.3,0.0,0.0,0.0,0.0,0.0,0.07809351013718667,53.1,0.4326680336349442,1.361111111111111,24.3984375,0.0,Relaxed,82.7387692155088,[0.06798468 0.10462762 0.82738769]
45.94605803489685,session_1775271776,0.3,0.0,0.0,0.0,0.0,0.0,0.07983881883600666,51.3,0.4403479543405483,1.6944444444444446,24.7265625,0.0,Relaxed,82.7387692155088,[0.06798468 0.10462762 0.82738769]
46.07284092903137,session_1775271776,0.3,0.0,0.0,0.0,0.0,0.0,0.0776203147609229,52.5,0.4213893557422969,1.75,24.8203125,0.0,Relaxed,82.7387692155088,[0.06798468 0.10462762 0.82738769]
46.20687532424927,session_1775271776,0.3,0.0,0.0,0.0,0.0,0.0,0.07728552579439028,50.4,0.4588422035480859,1.5555555555555556,22.921875,0.0,Relaxed,82.7387692155088,[0.06798468 0.10462762 0.82738769]
46.34166383743286,session_1775271776,0.3,0.0,0.0,0.0,0.0,0.0,0.07700336607691051,50.4,0.4754103641456583,2.444444444444444,17.8125,0.0,Relaxed,82.7387692155088,[0.06798468 0.10462762 0.82738769]
46.48966145515442,session_1775271776,0.3,0.0,0.0,0.0,0.0,0.0,0.07941514635175626,45.0,0.5048017429193901,5.555555555555555,15.46875,0.0,Relaxed,82.7387692155088,[0.06798468 0.10462762 0.82738769]
46.63351845741272,session_1775271776,0.3,0.0,0.0,0.0,0.0,0.0,0.08328718025625229,45.3,0.5050916908338022,5.638888888888889,13.8984375,0.0,Relaxed,82.7387692155088,[0.06798468 0.10462762 0.82738769]
46.778956174850464,session_1775271776,0.3,0.0,0.0,0.0,0.0,0.0,0.0807999936981359,44.1,0.5145512750554767,5.916666666666667,13.1484375,0.0,Relaxed,82.7387692155088,[0.06798468 0.10462762 0.82738769]
46.92243790626526,session_1775271776,0.3,0.0,0.0,0.0,0.0,0.0,0.08077044801141882,45.6,0.4792128196307763,6.388888888888888,13.171875,0.0,Relaxed,82.7387692155088,[0.06798468 0.10462762 0.82738769]
47.05881333351135,session_1775271776,0.3,0.0,0.0,0.0,0.0,0.0,0.0802072358015296,43.8,0.48243039809106186,6.555555555555555,13.96875,0.0,Relaxed,82.7387692155088,[0.06798468 0.10462762 0.82738769]
47.18491268157959,session_1775271776,0.3,0.0,0.0,0.0,0.0,0.0,0.0828927708089515,44.699999999999996,0.4714866788692292,6.138888888888889,14.4140625,0.0,Relaxed,82.7387692155088,[0.06798468 0.10462762 0.82738769]
47.30716943740845,session_1775271776,0.3,0.0,0.0,0.0,0.0,0.0,0.08024100023888546,45.0,0.4719697893972404,6.666666666666666,14.015625,0.0,Relaxed,82.7387692155088,[0.06798468 0.10462762 0.82738769]
47.43271994590759,session_1775271776,0.3,0.0,0.0,0.0,0.0,0.0,0.08387227425828063,44.4,0.48353748133159896,6.666666666666666,13.6875,0.0,Relaxed,82.7387692155088,[0.06798468 0.10462762 0.82738769]
47.561609506607056,session_1775271776,0.3,0.0,0.0,0.0,0.0,0.0,0.08238366961689375,44.4,0.4574300236064942,5.444444444444444,13.828125,0.0,Relaxed,82.7387692155088,[0.06798468 0.10462762 0.82738769]
47.77545428276062,session_1775271776,0.3,0.0,0.0,0.0,0.0,0.0,0.08062732517517082,47.4,0.46528836150673575,4.5,13.6875,0.0,Relaxed,79.2963806757365,[0.14628039 0.06075581 0.79296381]
47.904898166656494,session_1775271776,0.3,0.0,0.0,0.0,0.0,0.0,0.09353431461172856,48.3,0.4889812446717817,6.027777777777778,10.5703125,0.0,Relaxed,79.2963806757365,[0.14628039 0.06075581 0.79296381]
48.04019474983215,session_1775271776,0.3,0.0,0.0,0.0,0.0,0.0,0.09717149997737294,47.699999999999996,0.4802969120205288,6.527777777777778,8.8359375,0.0,Relaxed,79.2963806757365,[0.14628039 0.06075581 0.79296381]
48.17151117324829,session_1775271776,0.3,0.0,0.0,0.0,0.0,0.0,0.10505765849168985,47.699999999999996,0.4793166510549088,6.972222222222221,8.2265625,0.0,Relaxed,79.2963806757365,[0.14628039 0.06075581 0.79296381]
48.29689860343933,session_1775271776,0.3,0.0,0.0,0.0,0.0,0.0,0.10877507826832387,44.699999999999996,0.48503212145138713,7.972222222222223,8.5078125,0.0,Relaxed,79.2963806757365,[0.14628039 0.06075581 0.79296381]
48.433300733566284,session_1775271776,0.3,0.0,0.0,0.0,0.0,0.0,0.07767402359954265,40.5,0.4826165577342048,3.638888888888889,-9.3515625,0.0,Relaxed,79.2963806757365,[0.14628039 0.06075581 0.79296381]
48.57344961166382,session_1775271776,0.3,0.0,0.0,0.0,0.0,0.0,0.09471247213997658,46.199999999999996,0.46285526068134764,7.611111111111111,8.765625,0.0,Relaxed,79.2963806757365,[0.14628039 0.06075581 0.79296381]
48.71697020530701,session_1775271776,0.3,0.0,0.0,0.0,0.0,0.0,0.10469152402491365,47.4,0.47927367014675515,5.444444444444444,9.0,0.0,Relaxed,79.2963806757365,[0.14628039 0.06075581 0.79296381]
48.86302733421326,session_1775271776,0.3,0.0,0.0,0.0,0.0,0.0,0.09979166021695975,46.8,0.481074168797954,4.888888888888888,8.859375,0.0,Relaxed,79.2963806757365,[0.14628039 0.06075581 0.79296381]
49.005839586257935,session_1775271776,0.3,0.0,0.0,0.0,0.0,0.0,0.09850712698978234,48.9,0.45910020449897754,3.972222222222222,8.7890625,0.0,Relaxed,79.2963806757365,[0.14628039 0.06075581 0.79296381]
49.15497040748596,session_1775271776,0.3,0.0,0.0,0.0,0.0,0.0,0.09271869943170527,48.6,0.47913741628338574,3.3888888888888893,8.296875,0.0,Relaxed,79.2963806757365,[0.14628039 0.06075581 0.79296381]
49.283997774124146,session_1775271776,0.3,0.0,0.0,0.0,0.0,0.0,0.08796205230090526,48.3,0.4868377785896968,1.8611111111111112,7.1484375,0.0,Relaxed,79.2963806757365,[0.14628039 0.06075581 0.79296381]
49.417604207992554,session_1775271776,0.3,0.0,0.0,0.0,0.0,0.0,0.0870606415655971,48.0,0.484702818627451,1.0,7.359375,0.0,Relaxed,79.2963806757365,[0.14628039 0.06075581 0.79296381]
49.548015117645264,session_1775271776,0.3,0.0,0.0,0.0,0.0,0.0,0.07749311033654205,48.6,0.5262093520535785,1.0555555555555556,7.21875,0.0,Relaxed,79.2963806757365,[0.14628039 0.06075581 0.79296381]
49.66769552230835,session_1775271776,1.0,0.0,0.0,0.42,0.47,0.04999999999999999,0.07145889226872522,40.5,0.5105359477124183,-1.8611111111111112,-11.3671875,0.0,Relaxed,79.2963806757365,[0.14628039 0.06075581 0.79296381]
49.95162868499756,session_1775271776,0.3,0.0,0.0,0.0,0.0,0.0,0.07605994947581415,40.8,0.49279483852364475,-1.777777777777778,-11.203125,0.0,Relaxed,84.2665276366906,[0.12888788 0.02844684 0.84266528]
50.10456347465515,session_1775271776,0.3,0.0,0.0,0.0,0.0,0.0,0.07163665606096463,39.6,0.5037067507655744,-1.8888888888888888,-11.34375,0.0,Relaxed,84.2665276366906,[0.12888788 0.02844684 0.84266528]
50.236308574676514,session_1775271776,0.3,0.0,0.0,0.0,0.0,0.0,0.074574947660705,41.1,0.4938048710671735,-1.6944444444444446,-11.4140625,0.0,Relaxed,84.2665276366906,[0.12888788 0.02844684 0.84266528]
50.37049603462219,session_1775271776,0.3,0.0,0.0,0.0,0.0,0.0,0.07887109003247647,41.4,0.49127731686524023,-1.6666666666666665,-11.390625,0.0,Relaxed,84.2665276366906,[0.12888788 0.02844684 0.84266528]
50.501211404800415,session_1775271776,0.3,0.0,0.0,0.0,0.0,0.0,0.0714228439265532,40.5,0.5117966594045025,-1.972222222222222,-11.3671875,0.0,Relaxed,84.2665276366906,[0.12888788 0.02844684 0.84266528]
50.62895464897156,session_1775271776,0.3,0.0,0.0,0.0,0.0,0.0,0.07307210264012447,40.5,0.49859985475671753,-1.972222222222222,-11.4140625,0.0,Relaxed,84.2665276366906,[0.12888788 0.02844684 0.84266528]
50.76819443702698,session_1775271776,0.3,0.0,0.0,0.0,0.0,0.0,0.07251375187716715,40.5,0.5125744371822804,-1.8055555555555556,-11.4140625,0.0,Relaxed,84.2665276366906,[0.12888788 0.02844684 0.84266528]
50.95234131813049,session_1775271776,0.3,0.0,0.0,0.0,0.0,0.0,0.07505326675339857,41.4,0.508658917791224,-1.6666666666666665,-11.4375,0.0,Relaxed,84.2665276366906,[0.12888788 0.02844684 0.84266528]
51.10377764701843,session_1775271776,0.3,0.0,0.0,0.0,0.0,0.0,0.10018970675757931,45.3,0.534865601869887,2.8611111111111107,6.4921875,0.0,Relaxed,84.2665276366906,[0.12888788 0.02844684 0.84266528]
51.251617670059204,session_1775271776,0.3,0.0,0.0,0.0,0.0,0.0,0.09453083899537726,46.199999999999996,0.5155550757852547,2.7777777777777777,6.796875,0.0,Relaxed,84.2665276366906,[0.12888788 0.02844684 0.84266528]
51.40372061729431,session_1775271776,0.3,0.0,0.0,0.0,0.0,0.0,0.09146050492799182,46.5,0.5211418199818497,2.4722222222222223,6.9609375,0.0,Relaxed,84.2665276366906,[0.12888788 0.02844684 0.84266528]
51.5363667011261,session_1775271776,0.3,0.0,0.0,0.0,0.0,0.0,0.08426598694513544,44.1,0.5178222804273224,2.5277777777777777,7.1484375,0.0,Relaxed,84.2665276366906,[0.12888788 0.02844684 0.84266528]
51.668164014816284,session_1775271776,0.3,0.0,0.0,0.0,0.0,0.0,0.09552625822281902,47.699999999999996,0.5009931177074067,2.138888888888889,7.570312499999999,0.0,Relaxed,84.2665276366906,[0.12888788 0.02844684 0.84266528]
51.896939754486084,session_1775271776,0.3,0.0,0.0,0.0,0.0,0.0,0.09998461323895946,46.199999999999996,0.5229459372681879,2.2222222222222223,7.875,0.0,Relaxed,85.1660612692729,[0.08997212 0.05836727 0.85166061]
52.060386657714844,session_1775271776,0.3,0.0,0.0,0.0,0.0,0.0,0.09003211000903275,47.699999999999996,0.5267826922017301,1.6944444444444446,9.3515625,0.0,Relaxed,85.1660612692729,[0.08997212 0.05836727 0.85166061]
52.202187299728394,session_1775271776,0.3,0.0,0.0,0.0,0.0,0.0,0.08900323097436953,45.6,0.5434187593165921,0.9444444444444444,10.828125,0.0,Relaxed,85.1660612692729,[0.08997212 0.05836727 0.85166061]
52.32698678970337,session_1775271776,0.3,0.0,0.0,0.0,0.0,0.0,0.09156848226127627,42.6,0.5543055719940558,0.3888888888888889,12.328125,0.0,Relaxed,85.1660612692729,[0.08997212 0.05836727 0.85166061]
52.45731544494629,session_1775271776,0.3,0.0,0.0,0.0,0.0,0.0,0.09469727028054817,42.0,0.5427124183006536,0.2777777777777778,13.265625,0.0,Relaxed,85.1660612692729,[0.08997212 0.05836727 0.85166061]
52.59711170196533,session_1775271776,0.3,0.0,0.0,0.0,0.0,0.0,0.09297941137283015,40.5,0.5631793754538853,0.19444444444444445,13.8515625,0.0,Relaxed,85.1660612692729,[0.08997212 0.05836727 0.85166061]
52.74407505989075,session_1775271776,0.3,0.0,0.0,0.0,0.0,0.0,0.1023747631923922,40.5,0.5393529411764706,-0.02777777777777778,14.1796875,0.0,Relaxed,85.1660612692729,[0.08997212 0.05836727 0.85166061]
52.93382406234741,session_1775271776,0.3,0.0,0.0,0.0,0.0,0.0,0.07703258730148115,41.4,0.5027911199828111,-1.6666666666666665,-11.34375,0.0,Relaxed,85.1660612692729,[0.08997212 0.05836727 0.85166061]
53.1055383682251,session_1775271776,0.3,0.0,0.0,0.0,0.0,0.0,0.10035919931937058,41.4,0.5470955579121008,0.11111111111111112,13.546875,0.0,Relaxed,85.1660612692729,[0.08997212 0.05836727 0.85166061]
53.2501859664917,session_1775271776,0.3,0.0,0.0,0.0,0.0,0.0,0.1009673065228823,42.0,0.5244584500466853,0.3888888888888889,13.265625,0.0,Relaxed,85.1660612692729,[0.08997212 0.05836727 0.85166061]
53.38498878479004,session_1775271776,0.3,0.0,0.0,0.0,0.0,0.0,0.10377235403330964,42.0,0.5387408296651993,1.0555555555555556,12.75,0.0,Relaxed,85.1660612692729,[0.08997212 0.05836727 0.85166061]
53.50937342643738,session_1775271776,0.3,0.0,0.0,0.0,0.0,0.0,0.10739750959091081,43.5,0.52724876959605,1.25,11.3671875,0.0,Relaxed,85.1660612692729,[0.08997212 0.05836727 0.85166061]
53.630162954330444,session_1775271776,0.3,0.0,0.0,0.0,0.0,0.0,0.10037104884028585,41.1,0.5539144124803206,2.75,10.2421875,0.0,Relaxed,85.1660612692729,[0.08997212 0.05836727 0.85166061]
53.7396924495697,session_1775271776,0.3,0.0,0.0,0.0,0.0,0.0,0.09712459945783408,39.9,0.5503336017267906,5.583333333333334,9.0703125,0.0,Relaxed,85.1660612692729,[0.08997212 0.05836727 0.85166061]
53.942458152770996,session_1775271776,0.3,0.0,0.0,0.0,0.0,0.0,0.10274322538510586,39.3,0.5092950157162102,10.805555555555555,8.3203125,0.0,Focused,78.95515367471992,[0.06896945 0.03525792 0.89577263]
54.05419921875,session_1775271776,0.3,0.0,0.0,0.0,0.0,0.0,0.0975225912542391,37.8,0.47756327756327754,15.0,8.625,0.0,Focused,78.95515367471992,[0.06896945 0.03525792 0.89577263]
54.14808511734009,session_1775271776,0.3,0.0,0.0,0.0,0.0,0.0,0.0,0.0,0.0,0.0,0.0,0.0,Focused,78.95515367471992,[0.06896945 0.03525792 0.89577263]
54.2252254486084,session_1775271776,0.3,0.0,0.0,0.0,0.0,0.0,0.0,0.0,0.0,0.0,0.0,0.0,Focused,78.95515367471992,[0.06896945 0.03525792 0.89577263]
54.3103666305542,session_1775271776,0.3,0.0,0.0,0.0,0.0,0.0,0.0,0.0,0.0,0.0,0.0,0.0,Focused,78.95515367471992,[0.06896945 0.03525792 0.89577263]
54.38792943954468,session_1775271776,0.3,0.0,0.0,0.0,0.0,0.0,0.0,0.0,0.0,0.0,0.0,0.0,Focused,78.95515367471992,[0.06896945 0.03525792 0.89577263]
54.462470293045044,session_1775271776,0.3,0.0,0.0,0.0,0.0,0.0,0.0,0.0,0.0,0.0,0.0,0.0,Focused,78.95515367471992,[0.06896945 0.03525792 0.89577263]
54.55350589752197,session_1775271776,0.3,0.0,0.0,0.0,0.0,0.0,0.0,0.0,0.0,0.0,0.0,0.0,Focused,78.95515367471992,[0.06896945 0.03525792 0.89577263]
54.64814329147339,session_1775271776,0.3,0.0,0.0,0.0,0.0,0.0,0.040291490258885135,88.8,0.3970378968540733,-0.4444444444444445,8.765625,0.0,Focused,78.95515367471992,[0.06896945 0.03525792 0.89577263]
54.7516508102417,session_1775271776,0.3,0.0,0.0,0.0,0.0,0.0,0.030093924327540565,87.89999999999999,0.3808904488396905,-0.9166666666666666,4.5703125,0.0,Focused,78.95515367471992,[0.06896945 0.03525792 0.89577263]
54.87485694885254,session_1775271776,0.3,0.0,0.0,0.0,0.0,0.0,0.02561085841312875,84.89999999999999,0.363879238385578,-0.3055555555555555,4.0546875,0.0,Focused,78.95515367471992,[0.06896945 0.03525792 0.89577263]
54.99159646034241,session_1775271776,0.3,0.0,0.0,0.0,0.0,0.0,0.03283572592729909,77.1,0.34242275615587586,0.6944444444444444,2.4609375,0.0,Focused,78.95515367471992,[0.06896945 0.03525792 0.89577263]
55.10130500793457,session_1775271776,0.3,0.0,0.0,0.0,0.0,0.0,0.04310450779247126,71.39999999999999,0.31204180097888373,2.833333333333333,1.453125,0.0,Focused,78.95515367471992,[0.06896945 0.03525792 0.89577263]
55.19904613494873,session_1775271776,0.3,0.0,0.0,0.0,0.0,0.0,0.032226333444106844,50.4,0.4260294117647059,5.888888888888889,0.609375,0.0,Focused,78.95515367471992,[0.06896945 0.03525792 0.89577263]
55.29454827308655,session_1775271776,0.3,0.0,0.0,0.0,0.0,0.0,0.0,0.0,0.0,0.0,0.0,0.0,Focused,78.95515367471992,[0.06896945 0.03525792 0.89577263]
55.38212442398071,session_1775271776,0.3,0.0,0.0,0.0,0.0,0.0,0.0,0.0,0.0,0.0,0.0,0.0,Focused,78.95515367471992,[0.06896945 0.03525792 0.89577263]
55.46746063232422,session_1775271776,0.3,0.0,0.0,0.0,0.0,0.0,0.0,0.0,0.0,0.0,0.0,0.0,Focused,78.95515367471992,[0.06896945 0.03525792 0.89577263]
55.556450605392456,session_1775271776,0.3,0.0,0.0,0.0,0.0,0.0,0.0,0.0,0.0,0.0,0.0,0.0,Focused,78.95515367471992,[0.06896945 0.03525792 0.89577263]
55.64669632911682,session_1775271776,0.3,0.0,0.0,0.0,0.0,0.0,0.0,0.0,0.0,0.0,0.0,0.0,Focused,78.95515367471992,[0.06896945 0.03525792 0.89577263]
55.74003195762634,session_1775271776,0.3,0.0,0.0,0.0,0.0,0.0,0.0,0.0,0.0,0.0,0.0,0.0,Focused,78.95515367471992,[0.06896945 0.03525792 0.89577263]
55.942269802093506,session_1775271776,0.3,0.0,0.0,0.0,0.0,0.0,0.0,0.0,0.0,0.0,0.0,0.0,Relaxed,64.21901899122511,[0.25846961 0.0993402  0.64219019]
56.067665338516235,session_1775271776,0.3,0.0,0.0,0.0,0.0,0.0,0.06506888045832887,79.2,0.3255618357814933,-2.3333333333333335,-4.5,0.0,Relaxed,64.21901899122511,[0.25846961 0.0993402  0.64219019]
56.178735971450806,session_1775271776,0.3,0.0,0.0,0.0,0.0,0.0,0.0,0.0,0.0,0.0,0.0,0.0,Relaxed,64.21901899122511,[0.25846961 0.0993402  0.64219019]
56.292009115219116,session_1775271776,0.3,0.0,0.0,0.0,0.0,0.0,0.052453402364532595,82.5,0.36413755923655494,-3.3055555555555554,-3.2109375,0.0,Relaxed,64.21901899122511,[0.25846961 0.0993402  0.64219019]
56.41078424453735,session_1775271776,0.3,0.0,0.0,0.0,0.0,0.0,0.04480548303971329,80.39999999999999,0.39420983318700614,-3.4444444444444446,-2.390625,0.0,Relaxed,64.21901899122511,[0.25846961 0.0993402  0.64219019]
56.53130078315735,session_1775271776,0.3,0.0,0.0,0.0,0.0,0.0,0.04528497677441207,82.5,0.4218656580148689,-4.027777777777778,-2.1328125,0.0,Relaxed,64.21901899122511,[0.25846961 0.0993402  0.64219019]
56.6571478843689,session_1775271776,0.3,0.0,0.0,0.0,0.0,0.0,0.04702007049461996,83.7,0.40772053002226066,-4.805555555555555,-2.0390625,0.0,Relaxed,64.21901899122511,[0.25846961 0.0993402  0.64219019]
56.775559186935425,session_1775271776,0.3,0.0,0.0,0.0,0.0,0.0,0.0,0.0,0.0,0.0,0.0,0.0,Relaxed,64.21901899122511,[0.25846961 0.0993402  0.64219019]
56.89934992790222,session_1775271776,0.3,0.0,0.0,0.0,0.0,0.0,0.0,0.0,0.0,0.0,0.0,0.0,Relaxed,64.21901899122511,[0.25846961 0.0993402  0.64219019]
57.04494047164917,session_1775271776,0.3,0.0,0.0,0.0,0.0,0.0,0.03383564772748153,55.199999999999996,0.48127373479035884,-4.055555555555555,-3.0,0.0,Relaxed,64.21901899122511,[0.25846961 0.0993402  0.64219019]
57.15878248214722,session_1775271776,0.3,0.0,0.0,0.0,0.0,0.0,0.0,0.0,0.0,0.0,0.0,0.0,Relaxed,64.21901899122511,[0.25846961 0.0993402  0.64219019]
57.26906609535217,session_1775271776,0.3,0.0,0.0,0.0,0.0,0.0,0.0,0.0,0.0,0.0,0.0,0.0,Relaxed,64.21901899122511,[0.25846961 0.0993402  0.64219019]
57.382476806640625,session_1775271776,0.3,0.0,0.0,0.0,0.0,0.0,0.0,0.0,0.0,0.0,0.0,0.0,Relaxed,64.21901899122511,[0.25846961 0.0993402  0.64219019]
